{
    "loss": 0.035164520144462585,
    "accuracy": 0.9928057789802551
}